"module name","license","repository"
"@tradle/bitcoinjs-lib@1.5.7","MIT*","https://github.com/bitcoinjs/bitcoinjs-lib"
"@tradle/bitjoe-js@0.1.1","MIT","https://github.com/tradle/bitjoe-js"
"@tradle/bittorrent-dht@3.2.1","MIT","https://github.com/feross/bittorrent-dht"
"@tradle/cb-blockr@3.1.1","ISC","https://github.com/weilu/cb-blockr"
"@tradle/chained-obj@2.0.1","MIT","https://github.com/tradle/chained-obj"
"@tradle/chainloader@1.1.2","MIT","git+https://github.com/tradle/chainloader"
"@tradle/constants@1.1.3","MIT","https://github.com/mvayngrib/tradle-constants"
"@tradle/dht-relay@1.0.0","ISC",""
"@tradle/identity@1.0.7","MIT",""
"@tradle/kiki@1.1.10","MIT",""
"@tradle/multiplex-utp@1.0.1","ISC","https://github.com/mvayngrib/multiplex-utp"
"@tradle/otr@0.2.15","MPL v2.0","https://github.com/arlolra/otr"
"@tradle/permission@0.0.1","MIT","git+https://github.com/tradle/permission"
"@tradle/simple-wallet@0.0.1","MIT","https://github.com/mvayngrib/simple-wallet"
"@tradle/spender@1.0.2","MIT","https://github.com/mvayngrib/spender"
"@tradle/talko@1.0.1","ISC",""
"@tradle/test-helpers@0.0.4","MIT","git+https://github.com/tradle/test-helpers"
"@tradle/tx-data@0.0.1","MIT","git+https://github.com/tradle/tx-data"
"@tradle/utils@0.2.4","MIT",""
"@tradle/utp@0.0.8","MIT*","https://github.com/mafintosh/utp"
"@tradle/verifier@1.0.1","ISC","https://github.com/mvayngrib/tradle-verifier"
"abbrev@1.0.7","ISC","http://github.com/isaacs/abbrev-js"
"abstract-leveldown@0.12.4","MIT","https://github.com/rvagg/node-abstract-leveldown"
"abstract-leveldown@2.4.1","MIT","https://github.com/level/abstract-leveldown"
"accepts@1.2.13","MIT","https://github.com/jshttp/accepts"
"acorn@1.2.2","MIT","https://github.com/marijnh/acorn"
"add-stream@1.0.0","MIT","https://github.com/wilsonjackson/add-stream"
"addr-to-ip-port@1.4.2","MIT","https://github.com/feross/addr-to-ip-port"
"align-text@0.1.3","MIT","https://github.com/jonschlinkert/align-text"
"alter@0.2.0","MIT","https://github.com/olov/alter"
"amdefine@1.0.0","BSD-3-Clause AND MIT","https://github.com/jrburke/amdefine"
"ansi-regex@1.1.1","MIT","https://github.com/sindresorhus/ansi-regex"
"ansi-regex@2.0.0","MIT","https://github.com/sindresorhus/ansi-regex"
"ansi-styles@2.1.0","MIT","https://github.com/chalk/ansi-styles"
"argparse@1.0.3","MIT","git+https://github.com/nodeca/argparse"
"array-find@0.1.1","ISC","https://github.com/stefanduberg/array-find"
"array-find@1.0.0","MIT","https://github.com/stefanduberg/array-find"
"array-flatten@1.1.1","MIT","https://github.com/blakeembrey/array-flatten"
"asap@2.0.3","MIT","https://github.com/kriskowal/asap"
"asn1@0.2.3","MIT","https://github.com/mcavage/node-asn1"
"assert-plus@0.1.5","MIT*","https://github.com/mcavage/node-assert-plus"
"assert-plus@0.2.0","MIT","https://github.com/mcavage/node-assert-plus"
"ast-traverse@0.1.1","MIT","https://github.com/olov/ast-traverse"
"ast-types@0.8.12","MIT","https://github.com/benjamn/ast-types"
"async@0.9.2","MIT","https://github.com/caolan/async"
"async@1.5.0","MIT","https://github.com/caolan/async"
"aws-sign2@0.6.0","Apache-2.0","https://github.com/mikeal/aws-sign"
"babel-core@5.8.34","MIT","https://github.com/babel/babel"
"babel-plugin-constant-folding@1.0.1","MIT","https://github.com/babel-plugins/babel-plugin-constant-folding"
"babel-plugin-dead-code-elimination@1.0.2","MIT","https://github.com/babel-plugins/babel-plugin-dead-code-elimination"
"babel-plugin-eval@1.0.1","MIT","https://github.com/babel-plugins/babel-plugin-eval"
"babel-plugin-inline-environment-variables@1.0.1","MIT","https://github.com/babel-plugins/babel-plugin-inline-environment-variables"
"babel-plugin-jscript@1.0.4","MIT","https://github.com/babel-plugins/babel-plugin-jscript"
"babel-plugin-member-expression-literals@1.0.1","MIT","https://github.com/babel-plugins/babel-plugin-member-expression-literals"
"babel-plugin-property-literals@1.0.1","MIT","https://github.com/babel-plugins/babel-plugin-property-literals"
"babel-plugin-proto-to-assign@1.0.4","MIT","https://github.com/babel-plugins/babel-plugin-proto-to-assign"
"babel-plugin-react-constant-elements@1.0.3","MIT","https://github.com/babel-plugins/babel-plugin-react-constant-elements"
"babel-plugin-react-display-name@1.0.3","MIT","https://github.com/babel-plugins/babel-plugin-react-display-name"
"babel-plugin-remove-console@1.0.1","MIT","https://github.com/babel-plugins/babel-plugin-remove-console"
"babel-plugin-remove-debugger@1.0.1","MIT","https://github.com/babel-plugins/babel-plugin-remove-debugger"
"babel-plugin-runtime@1.0.7","MIT","https://github.com/babel-plugins/babel-plugin-runtime"
"babel-plugin-undeclared-variables-check@1.0.2","MIT","https://github.com/babel-plugins/babel-plugin-undeclared-variables-check"
"babel-plugin-undefined-to-void@1.1.6","MIT","https://github.com/babel-plugins/babel-plugin-undefined-to-void"
"babylon@5.8.34","MIT","https://github.com/babel/babel"
"balanced-match@0.3.0","MIT","https://github.com/juliangruber/balanced-match"
"base64-js@0.0.2","MIT","https://github.com/beatgammit/deflate-js"
"bencode@0.7.0","MIT","https://github.com/themasch/node-bencode"
"bigi@1.4.1","MIT*","https://github.com/cryptocoinjs/bigi"
"bl@0.8.2","MIT","https://github.com/rvagg/bl"
"bl@1.0.0","MIT","https://github.com/rvagg/bl"
"block-stream2@1.0.0","MIT","https://github.com/substack/block-stream2"
"bluebird@2.10.2","MIT","https://github.com/petkaantonov/bluebird"
"bn.js@2.2.0","MIT","https://github.com/indutny/bn.js"
"bn.js@4.5.1","MIT","https://github.com/indutny/bn.js"
"boom@2.10.1","BSD-3-Clause","https://github.com/hapijs/boom"
"bops@0.1.1","MIT","https://github.com/chrisdickinson/bops"
"brace-expansion@1.1.2","MIT","https://github.com/juliangruber/brace-expansion"
"breakable@1.0.0","MIT","https://github.com/olov/breakable"
"brorand@1.0.5","MIT","https://github.com/indutny/brorand"
"browser-process-hrtime@0.1.2","BSD-2-Clause","https://github.com/kumavis/browser-process-hrtime"
"bs58@2.0.1","MIT","http://github.com/cryptocoinjs/bs58"
"bs58check@1.0.6","MIT","https://github.com/dcousens/bs58check"
"buffer-equal@0.0.1","MIT","https://github.com/substack/node-buffer-equal"
"bytewise@0.7.1","MIT","https://github.com/deanlandolt/bytewise"
"camelcase@1.2.1","MIT","https://github.com/sindresorhus/camelcase"
"caseless@0.11.0","Apache-2.0","https://github.com/mikeal/caseless"
"center-align@0.1.2","MIT","https://github.com/jonschlinkert/center-align"
"chalk@1.1.1","MIT","https://github.com/chalk/chalk"
"changes-feed@1.1.0","MIT","https://github.com/mafintosh/changes-feed"
"cipher-base@1.0.2","MIT","git+https://github.com/crypto-browserify/cipher-base"
"cli-width@1.1.0","ISC","https://github.com/knownasilya/cli-width"
"cliui@2.1.0","ISC","http://github.com/bcoe/cliui"
"clone@1.0.2","MIT","https://github.com/pvorb/node-clone"
"closest-to@0.0.2","MIT","https://github.com/michaelrhodes/closest-to"
"combined-stream@0.0.7","MIT*","https://github.com/felixge/node-combined-stream"
"combined-stream@1.0.5","MIT","https://github.com/felixge/node-combined-stream"
"commander@2.9.0","MIT","https://github.com/tj/commander.js"
"commoner@0.10.4","MIT","https://github.com/reactjs/commoner"
"compact2string@1.4.0","BSD","https://github.com/bencevans/node-compact2string"
"component-emitter@1.1.2","MIT*","https://github.com/component/emitter"
"concat-map@0.0.1","MIT","https://github.com/substack/node-concat-map"
"concat-stream@1.5.1","MIT","https://github.com/maxogden/concat-stream"
"config-chain@1.1.9","MIT","https://github.com/dominictarr/config-chain"
"content-disposition@0.5.0","MIT","https://github.com/jshttp/content-disposition"
"content-type@1.0.1","MIT","https://github.com/jshttp/content-type"
"convert-source-map@1.1.2","MIT","https://github.com/thlorenz/convert-source-map"
"cookie@0.1.3","MIT","https://github.com/jshttp/cookie"
"cookie-signature@1.0.6","MIT","https://github.com/visionmedia/node-cookie-signature"
"cookiejar@2.0.1","MIT","https://github.com/bmeck/node-cookiejar"
"core-js@1.2.6","MIT","https://github.com/zloirock/core-js"
"core-util-is@1.0.2","MIT","https://github.com/isaacs/core-util-is"
"create-hash@1.1.2","MIT","https://github.com/crypto-browserify/createHash"
"create-hmac@1.1.4","MIT","https://github.com/crypto-browserify/createHmac"
"create-torrent@3.18.1","MIT","https://github.com/feross/create-torrent"
"cross-spawn@2.0.1","MIT","https://github.com/IndigoUnited/node-cross-spawn"
"cross-spawn-async@2.1.1","MIT","https://github.com/IndigoUnited/node-cross-spawn-async"
"cryptiles@2.0.5","BSD-3-Clause","https://github.com/hapijs/cryptiles"
"cyclist@0.1.1","MIT*","https://github.com/mafintosh/cyclist"
"d@0.1.1","MIT","https://github.com/medikoo/d"
"dashdash@1.10.1","MIT","https://github.com/trentm/node-dashdash"
"debug@0.7.4","MIT","https://github.com/visionmedia/debug"
"debug@2.2.0","MIT","https://github.com/visionmedia/debug"
"debug-log@1.0.0","MIT","https://github.com/sindresorhus/debug-log"
"decamelize@1.1.1","MIT","https://github.com/sindresorhus/decamelize"
"deep-equal@1.0.1","MIT","http://github.com/substack/node-deep-equal"
"deep-is@0.1.3","MIT","http://github.com/thlorenz/deep-is"
"defaults@1.0.3","MIT","https://github.com/tmpvar/defaults"
"deferred-leveldown@0.2.0","MIT","https://github.com/Level/deferred-leveldown"
"define-properties@1.1.2","MIT","https://github.com/ljharb/define-properties"
"defined@0.0.0","MIT","https://github.com/substack/defined"
"defined@1.0.0","MIT","https://github.com/substack/defined"
"defs@1.1.1","MIT","https://github.com/olov/defs"
"deglob@1.0.2","ISC","git+https://github.com/flet/deglob"
"delayed-stream@0.0.5","MIT*","https://github.com/felixge/node-delayed-stream"
"delayed-stream@1.0.0","MIT","https://github.com/felixge/node-delayed-stream"
"depd@1.0.1","MIT","https://github.com/dougwilson/nodejs-depd"
"destroy@1.0.3","MIT","https://github.com/stream-utils/destroy"
"detect-indent@3.0.1","MIT","https://github.com/sindresorhus/detect-indent"
"detective@4.3.1","MIT","https://github.com/substack/node-detective"
"dezalgo@1.0.3","ISC","https://github.com/npm/dezalgo"
"diff@1.4.0","BSD","https://github.com/kpdecker/jsdiff"
"disparity@2.0.0","MIT","https://github.com/millermedeiros/disparity"
"dns.js@1.0.1","MIT","https://github.com/indutny/dns.js"
"doctrine@0.6.4","BSD","http://github.com/Constellation/doctrine"
"dom-walk@0.1.1","MIT","https://github.com/Raynos/dom-walk"
"duplexer2@0.0.2","BSD","https://github.com/deoxxa/duplexer2"
"duplexify@3.4.2","MIT","https://github.com/mafintosh/duplexify"
"ecc-jsbn@0.1.1","MIT","https://github.com/quartzjer/ecc-jsbn"
"ecurve@1.0.2","MIT","https://github.com/cryptocoinjs/ecurve"
"ee-first@1.1.1","MIT","https://github.com/jonathanong/ee-first"
"elistener@1.0.2","ISC",""
"elliptic@3.1.0","MIT","https://github.com/indutny/elliptic"
"elliptic@6.0.2","MIT","https://github.com/indutny/elliptic"
"end-of-stream@1.0.0","MIT","https://github.com/mafintosh/end-of-stream"
"end-of-stream@1.1.0","MIT","https://github.com/mafintosh/end-of-stream"
"errno@0.1.4","MIT","https://github.com/rvagg/node-errno"
"error@7.0.2","MIT","https://github.com/Raynos/error"
"es-abstract@1.4.3","MIT","https://github.com/ljharb/es-abstract"
"es-to-primitive@1.0.0","MIT","https://github.com/ljharb/es-to-primitive"
"es5-ext@0.10.10","MIT","https://github.com/medikoo/es5-ext"
"es6-iterator@2.0.0","MIT","https://github.com/medikoo/es6-iterator"
"es6-map@0.1.3","MIT","https://github.com/medikoo/es6-map"
"es6-set@0.1.3","MIT","https://github.com/medikoo/es6-set"
"es6-symbol@3.0.2","MIT","https://github.com/medikoo/es6-symbol"
"es6-weak-map@2.0.1","MIT","https://github.com/medikoo/es6-weak-map"
"escape-html@1.0.2","MIT","https://github.com/component/escape-html"
"escape-string-regexp@1.0.3","MIT","https://github.com/sindresorhus/escape-string-regexp"
"escope@3.3.0","BSD-2-Clause","git+https://github.com/estools/escope"
"esformatter@0.8.1","MIT","git+https://github.com/millermedeiros/esformatter"
"esformatter-eol-last@1.0.0","ISC","https://github.com/briandipalma/esformatter-eol-last"
"esformatter-ignore@0.1.3","MIT","git+https://github.com/royriojas/esformatter-ignore"
"esformatter-jsx@2.3.11","MIT","git+https://github.com/royriojas/esformatter-jsx"
"esformatter-literal-notation@1.0.1","MIT","git+https://github.com/kewah/esformatter-literal-notation"
"esformatter-quotes@1.0.3","MIT","https://github.com/millermedeiros/esformatter-quotes"
"esformatter-semicolon-first@1.1.0","MIT","https://github.com/millermedeiros/esformatter-semicolon-first"
"esformatter-spaced-lined-comment@2.0.1","ISC","https://github.com/briandipalma/esformatter-spaced-lined-comment"
"eslint@0.24.1","MIT","https://github.com/eslint/eslint"
"eslint-config-standard@3.4.1","MIT","https://github.com/feross/eslint-config-standard"
"eslint-config-standard-react@1.0.1","MIT","https://github.com/feross/eslint-config-standard-react"
"eslint-plugin-react@2.7.1","MIT","git+https://github.com/yannickcr/eslint-plugin-react"
"espree@2.2.5","BSD","http://github.com/eslint/espree"
"esprima@1.0.4","BSD","http://github.com/ariya/esprima"
"esprima@2.7.1","BSD-2-Clause","git+https://github.com/jquery/esprima"
"esprima-fb@15001.1001.0-dev-harmony-fb","BSD","http://github.com/facebook/esprima"
"esrecurse@3.1.1","BSD","http://github.com/estools/esrecurse"
"estraverse@3.1.0","BSD","http://github.com/estools/estraverse"
"estraverse@4.1.1","BSD-2-Clause","https://github.com/estools/estraverse"
"estraverse-fb@1.3.1","MIT","https://github.com/RReverser/estraverse-fb"
"esutils@1.1.6","BSD","http://github.com/Constellation/esutils"
"esutils@2.0.2","BSD","http://github.com/estools/esutils"
"etag@1.7.0","MIT","https://github.com/jshttp/etag"
"event-emitter@0.3.4","MIT","https://github.com/medikoo/event-emitter"
"exit-hook@1.1.1","MIT","https://github.com/sindresorhus/exit-hook"
"express@4.13.3","MIT","https://github.com/strongloop/express"
"extend@1.2.1","MIT*","https://github.com/justmoon/node-extend"
"extend@2.0.1","MIT","https://github.com/justmoon/node-extend"
"extend@3.0.0","MIT","https://github.com/justmoon/node-extend"
"extend.js@0.0.2","MIT*",""
"externr@1.0.0","MIT","https://github.com/rvagg/externr"
"extsprintf@1.0.2","MIT*","https://github.com/davepacheco/node-extsprintf"
"fast-levenshtein@1.0.7","MIT","https://github.com/hiddentao/fast-levenshtein"
"figures@1.4.0","MIT","https://github.com/sindresorhus/figures"
"filestream@4.1.1","MIT","https://github.com/DamonOehlman/filestream"
"finalhandler@0.4.0","MIT","https://github.com/pillarjs/finalhandler"
"find-root@0.1.1","MIT","https://github.com/agilemd/find-root"
"flatten@0.0.1","MIT*","https://github.com/jesusabdullah/node-flatten"
"for-each@0.3.2","MIT","https://github.com/Raynos/for-each"
"for-in@0.1.4","MIT","https://github.com/jonschlinkert/for-in"
"for-own@0.1.3","MIT","https://github.com/jonschlinkert/for-own"
"foreach@2.0.5","MIT","https://github.com/manuelstofer/foreach"
"forever-agent@0.6.1","Apache-2.0","https://github.com/mikeal/forever-agent"
"form-data@0.2.0","MIT","https://github.com/felixge/node-form-data"
"form-data@1.0.0-rc3","MIT","https://github.com/form-data/form-data"
"formidable@1.0.14","MIT*","https://github.com/felixge/node-formidable"
"forwarded@0.1.0","MIT","https://github.com/jshttp/forwarded"
"fresh@0.3.0","MIT","https://github.com/jshttp/fresh"
"fresh-falafel@1.2.0","MIT","https://github.com/substack/node-falafel"
"from2@1.3.0","MIT","https://github.com/hughsk/from2"
"fs-readdir-recursive@0.1.2","MIT","https://github.com/fs-utils/fs-readdir-recursive"
"function-bind@1.0.2","MIT","https://github.com/Raynos/function-bind"
"functional-red-black-tree@1.0.1","MIT","https://github.com/mikolalysenko/functional-red-black-tree"
"generate-function@2.0.0","MIT","https://github.com/mafintosh/generate-function"
"generate-object-property@1.2.0","MIT","https://github.com/mafintosh/generate-object-property"
"get-stdin@4.0.1","MIT","https://github.com/sindresorhus/get-stdin"
"glob@5.0.15","ISC","https://github.com/isaacs/node-glob"
"global@4.3.0","MIT","https://github.com/Raynos/global"
"globals@6.4.1","MIT","https://github.com/sindresorhus/globals"
"globals@8.14.0","MIT","https://github.com/sindresorhus/globals"
"graceful-fs@4.1.2","ISC","https://github.com/isaacs/node-graceful-fs"
"graceful-readlink@1.0.1","MIT","https://github.com/zhiyelee/graceful-readlink"
"har-validator@2.0.3","ISC","https://github.com/ahmadnassri/har-validator"
"has@1.0.1","MIT","https://github.com/tarruda/has"
"has-ansi@2.0.0","MIT","https://github.com/sindresorhus/has-ansi"
"hash.js@1.0.3","MIT","https://github.com/indutny/hash.js"
"hashmap@2.0.4","MIT","https://github.com/flesler/hashmap"
"hat@0.0.3","MIT/X11","http://github.com/substack/node-hat"
"hawk@3.1.2","BSD-3-Clause","https://github.com/hueniverse/hawk"
"hoek@2.16.3","BSD-3-Clause","https://github.com/hapijs/hoek"
"home-or-tmp@1.0.0","MIT","https://github.com/sindresorhus/home-or-tmp"
"http-errors@1.3.1","MIT","https://github.com/jshttp/http-errors"
"http-signature@1.1.0","MIT","https://github.com/joyent/node-http-signature"
"iconv-lite@0.4.13","MIT","https://github.com/ashtuchkin/iconv-lite"
"ignore@2.2.19","MIT","https://github.com/kaelzhang/node-ignore"
"inflight@1.0.4","ISC","https://github.com/isaacs/inflight"
"inherit@2.2.2","MIT","http://github.com/dfilatov/node-inherit"
"inherits@2.0.1","ISC","https://github.com/isaacs/inherits"
"ini@1.3.4","ISC","https://github.com/isaacs/ini"
"inquirer@0.8.5","MIT","https://github.com/SBoudrias/Inquirer.js"
"invert-kv@1.0.0","MIT","https://github.com/sindresorhus/invert-kv"
"ip-regex@1.0.3","MIT","https://github.com/sindresorhus/ip-regex"
"ipaddr.js@1.0.5","MIT","https://github.com/whitequark/ipaddr.js"
"is-absolute@0.1.7","MIT","https://github.com/jonschlinkert/is-absolute"
"is-buffer@1.1.0","MIT","https://github.com/feross/is-buffer"
"is-callable@1.1.1","MIT","https://github.com/ljharb/is-callable"
"is-date-object@1.0.1","MIT","https://github.com/ljharb/is-date-object"
"is-file@1.0.0","MIT","https://github.com/jsdevel/node-is-file"
"is-finite@1.0.1","MIT","https://github.com/sindresorhus/is-finite"
"is-function@1.0.1","MIT","https://github.com/grncdr/js-is-function"
"is-integer@1.0.6","WTFPL","https://github.com/parshap/js-is-integer"
"is-ip@1.0.0","MIT","https://github.com/sindresorhus/is-ip"
"is-my-json-valid@2.12.3","MIT","https://github.com/mafintosh/is-my-json-valid"
"is-property@1.0.2","MIT","https://github.com/mikolalysenko/is-property"
"is-regex@1.0.3","MIT","https://github.com/ljharb/is-regex"
"is-relative@0.1.3","MIT","https://github.com/jonschlinkert/is-relative"
"is-symbol@1.0.1","MIT","https://github.com/ljharb/is-symbol"
"is-typedarray@1.0.0","MIT","https://github.com/hughsk/is-typedarray"
"isarray@0.0.1","MIT","https://github.com/juliangruber/isarray"
"isobject@1.0.2","MIT","https://github.com/jonschlinkert/isobject"
"isstream@0.1.2","MIT","https://github.com/rvagg/isstream"
"jodid25519@1.0.2","MIT","https://github.com/meganz/jodid25519"
"js-beautify@1.5.10","MIT","https://github.com/beautify-web/js-beautify"
"js-tokens@1.0.1","MIT","https://github.com/lydell/js-tokens"
"js-yaml@3.4.6","MIT","git+https://github.com/nodeca/js-yaml"
"jsbn@0.1.0","BSD","https://github.com/andyperlitch/jsbn"
"jsesc@0.5.0","MIT","https://github.com/mathiasbynens/jsesc"
"json-schema@0.2.2","AFLv2.1,BSD","http://github.com/kriszyp/json-schema"
"json-stable-stringify@1.0.0","MIT","https://github.com/substack/json-stable-stringify"
"json-stringify-safe@5.0.1","ISC","https://github.com/isaacs/json-stringify-safe"
"json5@0.4.0","MIT","https://github.com/aseemk/json5"
"jsonify@0.0.0","Public Domain","http://github.com/substack/jsonify"
"jsonpointer@2.0.0","MIT","http://github.com/janl/node-jsonpointer"
"jsprim@1.2.2","MIT","https://github.com/davepacheco/node-jsprim"
"junk@1.0.2","MIT","https://github.com/sindresorhus/junk"
"k-bucket@0.4.4","MIT","https://github.com/tristanls/k-bucket"
"kind-of@2.0.1","MIT","https://github.com/jonschlinkert/kind-of"
"lazy-cache@0.2.7","MIT","git+https://github.com/jonschlinkert/lazy-cache"
"lcid@1.0.0","MIT","https://github.com/sindresorhus/lcid"
"left-pad@0.0.3","BSD","https://github.com/azer/left-pad"
"length-prefixed-stream@1.4.0","MIT","https://github.com/mafintosh/length-prefixed-stream"
"level-errors@1.0.4","MIT","https://github.com/level/errors"
"level-live-stream@1.4.11","MIT","https://github.com/dominictarr/level-live-stream"
"level-post@1.0.4","MIT","https://github.com/dominictarr/level-post"
"level-sublevel@6.3.17","MIT","https://github.com/dominictarr/level-sublevel"
"levelup@0.18.6","MIT","https://github.com/rvagg/node-levelup"
"levelup@0.19.0","MIT","https://github.com/rvagg/node-levelup"
"leven@1.0.2","MIT","https://github.com/sindresorhus/leven"
"levn@0.2.5","MIT","https://github.com/gkz/levn"
"lexicographic-integer@1.1.0","MIT","https://github.com/substack/lexicographic-integer"
"line-numbers@0.2.0","MIT","https://github.com/lydell/line-numbers"
"lodash@3.10.1","MIT","https://github.com/lodash/lodash"
"logbase@3.3.2","ISC","https://github.com/mvayngrib/logbase"
"longest@1.0.1","MIT","https://github.com/jonschlinkert/longest"
"looper@2.0.0","MIT","https://github.com/dominictarr/looper"
"lru-cache@3.2.0","ISC","https://github.com/isaacs/node-lru-cache"
"ltgt@1.0.2","MIT","https://github.com/dominictarr/ltgt"
"ltgt@2.0.0","MIT","https://github.com/dominictarr/ltgt"
"magnet-uri@4.2.3","MIT","https://github.com/feross/magnet-uri"
"map-stream@0.0.6","MIT","https://github.com/dominictarr/map-stream"
"media-typer@0.3.0","MIT","https://github.com/jshttp/media-typer"
"memdown@1.1.0","MIT","git+https://github.com/rvagg/node-memdown"
"merge-descriptors@1.0.0","MIT","https://github.com/component/merge-descriptors"
"methods@1.0.1","MIT","https://github.com/visionmedia/node-methods"
"methods@1.1.1","MIT","https://github.com/jshttp/methods"
"mime@1.3.4","MIT","https://github.com/broofa/node-mime"
"mime-db@1.12.0","MIT","https://github.com/jshttp/mime-db"
"mime-db@1.20.0","MIT","https://github.com/jshttp/mime-db"
"mime-types@2.0.14","MIT","https://github.com/jshttp/mime-types"
"mime-types@2.1.8","MIT","https://github.com/jshttp/mime-types"
"min-document@2.17.0","MIT","https://github.com/Raynos/min-document"
"minimatch@2.0.10","ISC","https://github.com/isaacs/minimatch"
"minimatch@3.0.0","ISC","https://github.com/isaacs/minimatch"
"minimist@0.0.8","MIT","https://github.com/substack/minimist"
"minimist@1.2.0","MIT","https://github.com/substack/minimist"
"mkdirp@0.5.1","MIT","https://github.com/substack/node-mkdirp"
"monotonic-timestamp@0.0.9","MIT","https://github.com/dominictarr/monotonic-timestamp"
"mout@0.11.1","MIT","https://github.com/mout/mout"
"ms@0.7.1","MIT*","https://github.com/guille/ms.js"
"multistream@2.0.2","MIT","https://github.com/feross/multistream"
"mute-stream@0.0.4","BSD","https://github.com/isaacs/mute-stream"
"mutexify@1.1.0","MIT","https://github.com/mafintosh/mutexify"
"negotiator@0.5.3","MIT","https://github.com/jshttp/negotiator"
"nets@3.2.0","ISC","https://github.com/maxogden/nets"
"network-address@1.0.0","MIT","https://github.com/mafintosh/network-address"
"node-uuid@1.4.7","MIT","https://github.com/broofa/node-uuid"
"nopt@3.0.6","ISC","https://github.com/npm/nopt"
"npm-path@1.0.2","MIT","git+https://github.com/timoxley/npm-path"
"npm-run@1.1.1","MIT","https://github.com/timoxley/npm-run"
"number-is-nan@1.0.0","MIT","https://github.com/sindresorhus/number-is-nan"
"oauth-sign@0.8.0","Apache-2.0","https://github.com/mikeal/oauth-sign"
"object-assign@2.1.1","MIT","https://github.com/sindresorhus/object-assign"
"object-inspect@1.0.2","MIT","https://github.com/substack/object-inspect"
"object-keys@1.0.9","MIT","https://github.com/ljharb/object-keys"
"object-path@0.6.0","MIT","https://github.com/mariocasciaro/object-path"
"object.omit@1.1.0","MIT","https://github.com/jonschlinkert/object.omit"
"object.pick@1.1.1","MIT","https://github.com/jonschlinkert/object.pick"
"on-finished@2.3.0","MIT","https://github.com/jshttp/on-finished"
"once@1.1.1","BSD","https://github.com/isaacs/once"
"once@1.3.3","ISC","https://github.com/isaacs/once"
"optionator@0.5.0","MIT","https://github.com/gkz/optionator"
"os-homedir@1.0.1","MIT","https://github.com/sindresorhus/os-homedir"
"os-locale@1.4.0","MIT","https://github.com/sindresorhus/os-locale"
"os-shim@0.1.3","MIT","https://github.com/h2non/node-os-shim"
"os-tmpdir@1.0.1","MIT","https://github.com/sindresorhus/os-tmpdir"
"output-file-sync@1.1.1","MIT","https://github.com/shinnn/output-file-sync"
"parse-headers@2.0.1","MIT","https://github.com/kesla/parse-headers"
"parse-torrent@3.0.1","MIT","https://github.com/feross/parse-torrent"
"parse-torrent-file@2.1.4","MIT","https://github.com/feross/parse-torrent-file"
"parseurl@1.3.0","MIT","https://github.com/expressjs/parseurl"
"path-exists@1.0.0","MIT","https://github.com/sindresorhus/path-exists"
"path-is-absolute@1.0.0","MIT","https://github.com/sindresorhus/path-is-absolute"
"path-to-regexp@0.1.7","MIT","git+https://github.com/component/path-to-regexp"
"piece-length@0.0.0","MIT","https://github.com/michaelrhodes/piece-length"
"pinkie@2.0.1","MIT","https://github.com/floatdrop/pinkie"
"pinkie-promise@2.0.0","MIT","https://github.com/floatdrop/pinkie-promise"
"pkg-config@1.1.0","MIT","git+https://github.com/ahmadnassri/pkg-config"
"pre-commit@1.1.2","MIT","https://github.com/observing/pre-commit"
"prelude-ls@1.1.2","MIT","https://github.com/gkz/prelude-ls"
"private@0.1.6","MIT","https://github.com/benjamn/private"
"process@0.5.2","MIT*","https://github.com/shtylman/node-process"
"process-nextick-args@1.0.6","MIT","https://github.com/calvinmetcalf/process-nextick-args"
"proto-list@1.2.4","ISC","git+https://github.com/isaacs/proto-list"
"protochain@1.0.3","ISC","git+https://github.com/timoxley/protochain"
"proxy-addr@1.0.10","MIT","https://github.com/jshttp/proxy-addr"
"prr@0.0.0","MIT","https://github.com/rvagg/prr"
"pseudomap@1.0.1","ISC","git+https://github.com/isaacs/pseudomap"
"pull-cat@1.1.8","MIT","https://github.com/dominictarr/pull-cat"
"pull-core@1.0.0","MIT","https://github.com/dominictarr/pull-core"
"pull-core@1.1.0","MIT","https://github.com/dominictarr/pull-core"
"pull-level@1.4.1","MIT","https://github.com/dominictarr/pull-level"
"pull-pushable@1.1.4","MIT","https://github.com/dominictarr/pull-pushable"
"pull-stream@2.18.3","MIT","https://github.com/dominictarr/pull-stream"
"pull-stream@2.21.0","MIT","https://github.com/dominictarr/pull-stream"
"pull-stream@2.28.4","MIT","https://github.com/dominictarr/pull-stream"
"pull-stream-to-stream@1.2.6","MIT","https://github.com/dominictarr/pull-stream-to-stream"
"pull-window@2.1.3","MIT","https://github.com/dominictarr/pull-window"
"pump@1.0.1","MIT","https://github.com/mafintosh/pump"
"q@1.4.1","MIT","https://github.com/kriskowal/q"
"qs@2.3.3","BSD","https://github.com/hapijs/qs"
"qs@4.0.0","BSD-3-Clause","https://github.com/hapijs/qs"
"qs@5.2.0","BSD-3-Clause","https://github.com/hapijs/qs"
"randombytes@2.0.1","MIT","https://github.com/crypto-browserify/randombytes"
"range-parser@1.0.3","MIT","https://github.com/jshttp/range-parser"
"re-emitter@1.1.1","MIT","https://github.com/feross/re-emitter"
"readable-stream@1.0.27-1","MIT","https://github.com/isaacs/readable-stream"
"readable-stream@1.0.33","MIT","https://github.com/isaacs/readable-stream"
"readable-stream@1.0.33-1","MIT","https://github.com/isaacs/readable-stream"
"readable-stream@1.1.13","MIT","https://github.com/isaacs/readable-stream"
"readable-stream@2.0.4","MIT","https://github.com/nodejs/readable-stream"
"readline2@0.1.1","MIT","https://github.com/SBoudrias/readline2"
"recast@0.10.33","MIT","https://github.com/benjamn/recast"
"recast@0.10.39","MIT","https://github.com/benjamn/recast"
"reduce-component@1.0.1","Apache, Version 2.0","https://github.com/redventures/reduce"
"regenerate@1.2.1","MIT","https://github.com/mathiasbynens/regenerate"
"regenerator@0.8.40","BSD","https://github.com/facebook/regenerator"
"regexpu@1.3.0","MIT","https://github.com/mathiasbynens/regexpu"
"regjsgen@0.2.0","MIT","https://github.com/d10/regjsgen"
"regjsparser@0.1.5","BSD","https://github.com/jviereck/regjsparser"
"repeat-string@1.5.2","MIT","https://github.com/jonschlinkert/repeat-string"
"repeating@1.1.3","MIT","https://github.com/sindresorhus/repeating"
"request@2.67.0","Apache-2.0","https://github.com/request/request"
"resolve@1.1.6","MIT","https://github.com/substack/node-resolve"
"resumer@0.0.0","MIT","https://github.com/substack/resumer"
"right-align@0.1.3","MIT","https://github.com/jonschlinkert/right-align"
"rimraf@2.4.4","ISC","https://github.com/isaacs/rimraf"
"ripemd160@1.0.1","BSD-3-Clause","https://github.com/crypto-browserify/ripemd160"
"rocambole@0.3.6","MIT","https://github.com/millermedeiros/rocambole"
"rocambole@0.7.0","MIT","git+https://github.com/millermedeiros/rocambole"
"rocambole-indent@2.0.4","MIT","https://github.com/millermedeiros/rocambole-indent"
"rocambole-linebreak@1.0.1","MIT","https://github.com/millermedeiros/rocambole-linebreak"
"rocambole-node@1.0.0","MIT","https://github.com/millermedeiros/rocambole-node"
"rocambole-token@1.2.1","MIT","https://github.com/millermedeiros/rocambole-token"
"rocambole-whitespace@1.0.0","MIT","https://github.com/millermedeiros/rocambole-whitespace"
"run-parallel@1.1.4","MIT","https://github.com/feross/run-parallel"
"rusha@0.8.3","MIT","https://github.com/srijs/rusha"
"rx@2.5.3","Apache-2.0","https://github.com/Reactive-Extensions/RxJS"
"safecb@0.0.1","MIT","https://github.com/mvayngrib/safecb"
"semver@2.3.2","BSD","https://github.com/isaacs/node-semver"
"semver@4.3.6","ISC","https://github.com/npm/node-semver"
"send@0.13.0","MIT","https://github.com/pillarjs/send"
"serializerr@1.0.2","ISC","git+https://github.com/timoxley/serializerr"
"serve-static@1.10.0","MIT","https://github.com/expressjs/serve-static"
"sha.js@2.4.4","MIT","https://github.com/crypto-browserify/sha.js"
"shebang-regex@1.0.0","MIT","https://github.com/sindresorhus/shebang-regex"
"simple-fmt@0.1.0","MIT","https://github.com/olov/simple-fmt"
"simple-get@1.4.3","MIT","https://github.com/feross/simple-get"
"simple-is@0.2.0","MIT","https://github.com/olov/simple-is"
"simple-sha1@2.0.7","MIT","https://github.com/michaelrhodes/simple-sha1"
"slash@1.0.0","MIT","https://github.com/sindresorhus/slash"
"sntp@1.0.9","BSD","https://github.com/hueniverse/sntp"
"sock-plex@1.0.2","MIT","git+https://github.com/mvayngrib/sock-plex"
"sort-by@1.1.1","MIT","https://github.com/kvnneff/sort-by"
"source-map@0.1.32","BSD","http://github.com/mozilla/source-map"
"source-map@0.5.3","BSD-3-Clause","http://github.com/mozilla/source-map"
"source-map-support@0.2.10","MIT","https://github.com/evanw/node-source-map-support"
"spawn-sync@1.0.13","MIT","https://github.com/ForbesLindesay/spawn-sync"
"sprintf-js@1.0.3","BSD-3-Clause","git+https://github.com/alexei/sprintf.js"
"sshpk@1.7.1","MIT","git+https://github.com/arekinath/node-sshpk"
"stable@0.1.5","MIT","https://github.com/Two-Screen/stable"
"standard@4.5.4","MIT","https://github.com/feross/standard"
"standard-format@1.6.10","BSD-2-Clause","git+https://github.com/maxogden/standard-format"
"statuses@1.2.1","MIT","https://github.com/jshttp/statuses"
"stdin@0.0.1","MIT*",""
"stream-collector@1.0.1","MIT","https://github.com/mafintosh/stream-collector"
"stream-combiner2@1.0.2","MIT","https://github.com/substack/stream-combiner2"
"stream-to-pull-stream@1.6.6","MIT","https://github.com/dominictarr/stream-to-pull-stream"
"string-range@1.2.2","MIT","https://github.com/dominictarr/string-range"
"string-template@0.2.1","MIT","https://github.com/Matt-Esch/string-template"
"string.prototype.endswith@0.2.0","MIT","https://github.com/mathiasbynens/String.prototype.endsWith"
"string.prototype.trim@1.1.1","MIT","https://github.com/es-shims/String.prototype.trim"
"string2compact@1.2.2","MIT","https://github.com/feross/string2compact"
"string_decoder@0.10.31","MIT","https://github.com/rvagg/string_decoder"
"stringmap@0.2.2","MIT","https://github.com/olov/stringmap"
"stringset@0.2.1","MIT","https://github.com/olov/stringset"
"stringstream@0.0.5","MIT","https://github.com/mhart/StringStream"
"strip-ansi@2.0.1","MIT","https://github.com/sindresorhus/strip-ansi"
"strip-ansi@3.0.0","MIT","https://github.com/sindresorhus/strip-ansi"
"strip-json-comments@0.1.3","MIT","https://github.com/sindresorhus/strip-json-comments"
"strip-json-comments@1.0.4","MIT","https://github.com/sindresorhus/strip-json-comments"
"superagent@1.5.0","MIT","https://github.com/visionmedia/superagent"
"supports-color@1.3.1","MIT","https://github.com/sindresorhus/supports-color"
"supports-color@2.0.0","MIT","https://github.com/chalk/supports-color"
"sync-exec@0.5.0","GNU GPLv2","https://github.com/gvarsanyi/sync-exec"
"tape@4.2.2","MIT","https://github.com/substack/tape"
"tape-extra@1.0.0","ISC",""
"text-table@0.2.0","MIT","https://github.com/substack/text-table"
"thirty-two@0.0.2","MIT*","https://github.com/chrisumbel/thirty-two"
"throttleme@1.0.3","ISC","https://github.com/mvayngrib/throttleme"
"through@2.3.8","MIT","https://github.com/dominictarr/through"
"through2@0.5.1","MIT","https://github.com/rvagg/through2"
"through2@0.6.5","MIT","https://github.com/rvagg/through2"
"thunky@0.1.0","MIT*","https://github.com/mafintosh/thunky"
"tim@2.0.0","ISC","https://github.com/tradle/tim"
"time-method@2.0.0","ISC","https://github.com/mvayngrib/time-method"
"to-fast-properties@1.0.1","MIT","https://github.com/sindresorhus/to-fast-properties"
"to-utf8@0.0.1","MIT","https://github.com/chrisdickinson/to-utf8"
"tough-cookie@2.2.1","BSD-3-Clause","https://github.com/SalesforceEng/tough-cookie"
"trim@0.0.1","MIT*",""
"trim-right@1.0.1","MIT","https://github.com/sindresorhus/trim-right"
"try-resolve@1.0.1","MIT","https://github.com/sebmck/try-resolve"
"tryor@0.1.2","MIT","https://github.com/olov/tryor"
"tunnel-agent@0.4.2","Apache-2.0","git+https://github.com/mikeal/tunnel-agent"
"tweetnacl@0.13.2","CC0-1.0","https://github.com/dchest/tweetnacl-js"
"type-check@0.3.1","MIT","https://github.com/gkz/type-check"
"type-is@1.6.10","MIT","https://github.com/jshttp/type-is"
"typedarray@0.0.6","MIT","https://github.com/substack/typedarray"
"typedarray-to-buffer@3.0.4","MIT","https://github.com/feross/typedarray-to-buffer"
"typeforce@1.6.1","MIT","https://github.com/dcousens/typeforce"
"typewiselite@1.0.0","MIT","https://github.com/dominictarr/typewiselite"
"uniq@1.0.1","MIT","https://github.com/mikolalysenko/uniq"
"unpipe@1.0.0","MIT","https://github.com/stream-utils/unpipe"
"unzip-response@1.0.0","MIT","https://github.com/sindresorhus/unzip-response"
"user-home@1.1.1","MIT","https://github.com/sindresorhus/user-home"
"user-home@2.0.0","MIT","https://github.com/sindresorhus/user-home"
"util-deprecate@1.0.2","MIT","https://github.com/TooTallNate/util-deprecate"
"utils-merge@1.0.0","MIT","https://github.com/jaredhanson/utils-merge"
"varint@4.0.0","MIT","https://github.com/chrisdickinson/varint"
"vary@1.0.1","MIT","https://github.com/jshttp/vary"
"verror@1.3.6","MIT*","https://github.com/davepacheco/node-verror"
"which@1.1.2","ISC","https://github.com/isaacs/node-which"
"which@1.2.0","ISC","https://github.com/isaacs/node-which"
"window-size@0.1.4","MIT","https://github.com/jonschlinkert/window-size"
"wordwrap@0.0.2","MIT/X11","https://github.com/substack/node-wordwrap"
"wordwrap@0.0.3","MIT","https://github.com/substack/node-wordwrap"
"wrappy@1.0.1","ISC","https://github.com/npm/wrappy"
"xhr@2.2.0","MIT","https://github.com/Raynos/xhr"
"xml-escape@1.0.0","MIT License","https://github.com/miketheprogrammer/xml-escape"
"xtend@3.0.0","MIT","https://github.com/Raynos/xtend"
"xtend@4.0.1","MIT","https://github.com/Raynos/xtend"
"y18n@3.2.0","ISC","https://github.com/bcoe/y18n"
"yargs@3.27.0","MIT","http://github.com/bcoe/yargs"
"zlorp@2.0.1","MIT","https://github.com/tradle/zlorp"
